N116AN,A321
N117AN,A321
N109NN,B752
N539US,A321
N118NN,B753
N585NW,B753
N588NW,A321
N108NN,A321
N130AN,A321
N128AN,A321
N112AN,A321
N131NN,A321
N135NN,B752
N540US,B753
N584NW,A321
N111ZM,A321
N113AN,B752
N537US,B753
N587NW,A321
N125AA,A321
N106NN,B753
N590NW,B753
N594NW,B753
N595NW,B753
N593NW,B753
N591NW,B753
N586NW,A321
N115NN,A321
N105NN,B752
N547US,B752
N535US,B753
N581NW,A321
N110AN,B753
N589NW,A321
N123NN,A321
N129AA,A321
N126AN,A321
N127AA,A321
N104NN,B739
N928DU,A321
N132AN,B752
N536US,B753
N583NW,A321
N134AN,B753
N582NW,B752
N546US,A321
N119NN,B753
N596NW,B739
N884DN,A321
N133AN,B739
N877DN,A321
N926UW,B753
N592NW,B739
N891DN,B739
N922DZ,B739
N923DZ,A321
N303DN,B752
N722TW,B752
N727TW,B752
N548US,A321
N122NN,B752
N545US,A321
N535UW,B752
N721TW,A321
N121AN,A321
N120EE,A321
N988AL,A321
N369DN,A321
N546UW,B739
N927DZ,A321
N927UW,B739
N929DZ,A321
N581UW,B752
N707TW,A321
N151UW,A321
N150UW,A321
N925UY,B739
N893DN,A321
N124AA,A321
N982VJ,A321
N587UW,A321
N383DZ,B739
N912DU,A321
N328DN,A21N
N403AN,A321
N176UW,A321
N557UW,A321
N314DN,B739
N885DN,B739
N913DU,A321
N908AA,B752
N703TW,A321
N167US,A321
N934AA,B752
N544US,A321
N152UW,B739
N908DN,A321
N327DN,B739
N880DN,A321
N353DN,B739
N890DN,B739
N894DN,A321
N331DN,A321
N358DN,A321
N385DZ,B739
N888DU,B739
N882DN,A321
N924US,A321
N315DN,A321
N586UW,B739
N911DQ,A321
N375DN,B739
N876DN,A321
N540UW,B739
N895DN,B752
N711ZX,A321
N977UY,A321
N349DX,A321
N367DN,B739
N926DZ,A321
N584UW,B739
N886DN,B739
N920DU,B739
N906DN,A321
N538UW,B739
N914DU,B739
N919DU,A321
N372DN,A321
N573UW,A321
N306DN,B739
N910DU,A321
N910AU,A321
N368DN,A321
N380DN,A321
N509AY,A321
N148AN,B739
N925DZ,B739
N903DN,A321
N972UY,B739
N853DN,A321
N371DN,B739
N878DN,B739
N915DU,A321
N365DN,A321
N330DX,A321
N321DH,B752
N200UU,A321
N377DN,B739
N887DN,B739
N883DN,A321
N993AN,A321
N338DN,B739
N904DN,B739
N901DN,A321
N167AN,A321
N305DN,A321
N384DN,B752
N624AG,A321
N381DZ,A321
N316DN,A321
N302DN,A321
N347DN,A321
N141NN,B752
N207UW,B739
N924DZ,A321
N992AU,A321
N319DN,A321
N930AU,A321
N196UW,B739
N897DN,A321
N920US,B739
N921DU,A321
N190UW,A321
N195UW,A321
N325DN,A321
N343DN,B739
N881DN,A321
N342DN,A321
N572UW,A321
N340DN,B739
N917DU,A321
N373DX,B739
N809DN,A321
N336DX,A321
N918US,A321
N523UW,B739
N905DN,A321
N379DN,""
N718TW,A321
N560UW,A321
N350DN,B752
N710TW,A321
N582UW,B739
N824DN,A321
N549UW,A321
N374DX,A321
N519UW,A321
N194UW,A321
N976UY,B752
N712TW,A321
N322DN,A321
N975UY,A321
N308DN,A321
N933AM,A321
N304DN,B752
N704X,A321
N900UW,A321
N345DN,B739
N815DN,B739
N889DN,A321
N307DX,B752
N713TW,A321
N348DN,A321
N986AN,A321
N341DN,B752
N541US,A321
N907AA,A321
N585UW,A321
N510UW,A321
N534UW,B752
N702TW,A321
N355DN,B738
N301PA,A321
N361DN,A321
N318DX,A321
N187US,A321
N543UW,A321
N363DN,A321
N551UW,A321
N138AN,A321
N995AN,A321
N360DN,A321
N579UW,B739
N896DN,B752
N538US,A321
N539UW,A321
N916US,A321
N521UW,B739
N836DN,A321
N928AM,B739
N805DN,A21N
N402AN,A321
N357DN,A321
N198UW,A321
N352DN,A321
N172US,A321
N563UW,A321
N559UW,A321
N157AA,A321
N929AA,A321
N351DN,A321
N356DN,A321
N580UW,A321
N919US,B739
N844DN,A321
N161UW,A321
N320DN,A321
N333DX,A321
N152AA,A321
N162AA,B739
N832DN,A321
N317DN,B739
N870DN,A321
N171US,B739
N918DU,A321
N332DN,B752
N705TW,A321
N524UW,A321
N311DN,A321
N326DN,A321
N376DN,A321
N313DN,A321
N354DN,B739
N916DU,A321
N989AU,A321
N154UW,A321
N362DN,A321
N337DN,B739
N930DZ,B739
N833DN,A321
N370DN,A321
N970UY,A321
N146AA,B738
N989NN,A321
N312DN,A321
N542UW,A21N
N401AN,A321
N329DN,A321
N915US,A321
N544UW,A321
N149AN,A321
N335DN,A321
N998AN,B739
N862DN,A321
N359DN,B739
N827DN,A321
N184US,B739
N838DN,A21N
N404AN,A321
N906AA,A321
N324DX,A321
N909AM,B739
N828DN,B738
N3764D,A321
N165NN,B752
N709TW,A321
N174US,A321
N364DX,A321
N301DV,B739
N835DN,A321
N334DN,A321
N991AU,A321
N917UY,B739
N852DN,A321
N366DX,A321
N140AN,B739
N846DN,A321
N905AU,B738
N981NN,B739
N847DN,A321
N932AM,B739
N804DN,A321
N987AM,A321
N508AY,B739
N902DN,A321
N310DN,B739
N868DN,A321
N164NN,A321
N169UW,A321
N323DN,A21N
N400AN,B739
N813DN,A321
N179UW,A321
N575UW,B752
N203UW,A321
N583UW,B739
N871DN,A321
N344DN,A321
N921US,A321
N158AN,B738
N377DE,B739
N806DN,B738
N378DA,A321
N177US,B739
N818DA,A321
N904AA,A321
N165US,A321
N193UW,A321
N902AA,B739
N909DN,B752
N201UU,A321
N568UW,A321
N346DN,B739
N859DN,B739
N840DN,A321
N199UW,B739
N851DN,A321
N163AA,B739
N892DN,A321
N578UW,B738
N335PH,A321
N309DN,A321
N137AA,A321
N161AA,A321
N997AA,B739
N907DN,A321
N339DN,A321
N159AN,A321
N556UW,A321
N576UW,B738
N315PE,B739
N821DN,B738
N305NX,A321
N139AN,B738
N986NN,B738
N774DE,A321
N558UW,B738
N373DA,A321
N156AN,A321
N914UY,B739
N879DN,B752
N205UW,A321
N971UY,B739
N811DZ,B739
N831DN,B738
N3766,A321
N922US,A321
N994AN,B739
N857DZ,B739
N834DN,B752
N706TW,A321
N154AA,B739
N820DN,A321
N996AN,B739
N830DN,A320
N377NW,A321
N981UY,A321
N170US,B739
N807DN,B739
N899DN,A320
N327NW,A321
N189UW,A321
N191UW,B739
N845DN,A321
N142AN,B738
N886NN,B738
N912AN,A321
N903AA,B738
N998NN,B739
N829DN,B738
N3741S,A321
N931AM,A321
N155NN,B752
N723TW,A321
N166NN,A321
N562UW,A321
N912UY,B739
N837DN,B738
N917NN,B739
N849DN,B752
N202UW,B739
N842DN,B739
N839DN,B738
N890NN,B738
N3740C,B738
N3772H,BCS1
N113DQ,A321
N923US,B739
N810DN,A321
N186US,A321
N101NN,A321
N990AU,B738
N3742C,A321
N185UW,B739
N819DN,A321
N901AA,B738
N857NN,B739
N855DN,A321
N151AN,B752
N543US,A321
N554UW,B738
N955NN,A321
N173US,B738
N3749D,B738
N381DN,A321
N147AA,A321
N973UY,B738
N969NN,B739
N874DN,B738
N876NN,B739
N867DN,A321
N107NN,B739
N898DN,A320
N323US,B738
N314PD,B738
N942NN,B739
N823DN,B738
N352PS,A319
N816AW,B738
N3753,B712
N894AT,B739
N856DN,B738
N357PV,B738
N3750D,B739
N822DN,A321
N507AY,B738
N390DA,B738
N950NN,B738
N941NN,B738
N924NN,BCS1
N114DU,B739
N861DN,B752
N717TW,A321
N372NW,B739
N817DN,A321
N980UY,B738
N946AN,A321
N178US,A320
N345NW,BCS1
N102DU,B739
N841DN,B738
N965NN,A321
N153AN,A321
N197UW,B738
N3745B,B712
N717JL,B738
N918NN,A321
N144AN,B739
N864DN,B738
N342PM,""
N3762Y,B738
N948NN,A319
N317NB,B738
N982NN,B739
N869DN,B738
N3746H,A319
N370NB,A321
N978UY,B752
N670DN,A320
N322US,B712
N980AT,B739
N900DU,A321
N974UY,A321
N561UW,B738
N958NN,B738
N382DA,B738
N3730B,A321
N153UW,B739
N875DN,A320
N364NW,A321
N913US,B752
N681DA,B739
N814DN,B738
N775DE,A321
N537UW,B738
N383DN,B738
N396DA,A320
N354NW,A319
N371NB,B739
N860DN,B739
N854DN,B738
N889NN,A319
N348NB,B738
N877NN,B738
N388DA,A319
N751UW,A321
N145AN,B738
N898NN,B739
N865DN,B738
N884NN,B738
N967NN,B738
N354PT,A319
N809AW,B738
N987NN,B738
N940NN,""
N933AT,A321
N536UW,B738
N374DA,B738
N316PF,A321
N136AN,B738
N398DA,A321
N545UW,B738
N994NN,B739
N863DN,A320
N378NW,A320
N330NW,BCS1
N109DU,A319
N813AW,BCS1
N106DU,BCS1
N107DU,B738
N995NN,B738
N894NN,MD90
N919DN,B738
N391DA,B738
N992NN,B738
N996NN,A319
N818AW,A319
N366NB,B752
N686DA,BCS1
N115DU,B739
N848DN,B739
N858DZ,B738
N355PU,B738
N939NN,B738
N337PJ,A319
N812AW,B739
N826DN,B738
N916NN,A320
N369NW,B738
N892NN,B739
N872DN,B739
N873DN,B752
N672DL,BCS1
N117DU,MD90
N921DN,B738
N952NN,B738
N954NN,B738
N993NN,A320
N350NA,B738
N957NN,MD90
N925DN,A319
N302NB,A319
N333NB,A320
N331NW,B712
N986AT,B738
N3755D,B738
N980NN,B738
N338PK,B738
N306PB,A319
N368NB,BCS1
N103DU,B738
N301NW,B738
N842NN,B738
N878NN,BCS1
N111NG,A319
N320NB,B738
N953NN,A320
N317US,B738
N3751B,""
N903AN,B739
N825DN,B712
N964AT,B738
N959AN,B752
N673DL,B738
N902NN,B752
N6707A,A321
N162UW,A319
N359NB,B738
N921NN,B712
N942AT,A320
N321US,""
N607AT,BCS1
N104DU,B738
N882NN,B738
N949AN,B738
N359PX,B738
N926NN,B738
N929NN,B738
N309PC,B738
N395DN,B738
N956NN,B738
N3748Y,B738
N963NN,""
N351NW,A320
N366NW,A320
N359NW,MD90
N923DN,MD90
N909DA,B738
N896NN,B712
N893AT,B738
N928NN,A319
N319NB,B738
N970NN,A321
N143AN,B752
N206UW,A319
N364NB,B738
N971NN,B738
N358PW,B739
N850DN,A319
N347NB,A320
N367NW,B738
N919NN,B738
N990NN,B738
N371DA,B739
N843DN,B738
N776DE,MD90
N922DX,B738
N947AN,A320
N335NW,A320
N356NW,A319
N322NB,B738
N979NN,A320
N339NW,A320
N347NW,B712
N939AT,""
N371NW,B738
N399DA,B738
N3737C,B738
N912NN,B738
N306NY,B738
N3761R,B712
N928AT,A319
N353NB,B738
N949NN,B738
N944NN,B712
N998AT,A319
N805AW,A319
N360NB,B738
N914AN,A321
N155UW,MD90
N913DN,B738
N960NN,B738
N962NN,B738
N947NN,A319
N835AW,A320
N342NW,B752
N684DA,B738
N915NN,B712
N963AT,A320
N604AW,B739
N803DN,B738
N983NN,BCS1
N110DU,B738
N961NN,A319
N820AW,B738
N919AN,B712
N996AT,B738
N879NN,B752
N675DL,A319
N325NB,B752
N549US,B738
N913NN,B738
N893NN,B738
N873NN,B738
N923NN,B738
N3744F,A320
N320US,MD90
N911DA,B738
N870NN,B738
N972NN,B738
N968NN,A319
N321NB,A319
N771XF,B738
N339PL,B738
N906NN,B738
N3768,A320
N365NW,B738
N344PP,B738
N880NN,B712
N993AT,A320
N340NW,B738
N938NN,A320
N325US,A319
N823AW,B738
N875NN,B738
N932AN,B752
N682DA,B738
N3735D,B738
N871NN,B738
N3765,A320
N343NW,A319
N330NB,A319
N814AW,B738
N991NN,B738
N3738B,B738
N200NV,B738
N920NN,B738
N913AN,B738
N346PR,B752
N553NW,A319
N764US,B739
N816DN,A320
N353NW,B712
N940AT,A319
N750UW,A320
N669AW,A320
N358NW,B738
N904NN,B738
N869NN,A320
N360NW,B738
N946NN,A319
N361NB,B752
N668DN,A320
N373NW,MD90
N951DN,B712
N896AT,A319
N357NB,B712
N970AT,B738
N938AN,B738
N897NN,A320
N370NW,B738
N976AN,B752
N697DL,BCS1
N105DU,A319
N328NB,A319
N336NB,A319
N363NB,A319
N323NB,B738
N3754A,A319
N331NB,MD90
N935DN,B738
N961AN,B752
N6713Y,B738
N3767,B712
N919AT,B738
N343PN,B712
N997AT,A319
N746UW,B738
N874NN,A320
N314NB,MD90
N917DN,B738
N930NN,A319
N354NB,B738
N899NN,B712
N959AT,B752
N676DL,B752
N6702,B738
N906AN,B738
N895NN,A319
N338NB,A319
N365NB,B738
N3769L,A320
N328NW,B738
N380DA,B738
N937AN,""
N956AT,B738
N914NN,A320
N368NW,A320
N649AW,B738
N887NN,B738
N918AN,A320
N309US,B752
N938UW,A320
N679AW,A320
N333NW,B739
N812DN,A320
N319US,B738
N908NN,B752
N671DN,B738
N964AN,A319
N802AW,B712
N951AT,B738
N977NN,A319
N332NB,BCS1
N101DU,B752
N6703D,B738
N973NN,B738
N3734B,MD90
N916DN,B712
N988DN,MD90
N915DN,B738
N975AN,B738
N375DA,A319
N838AW,BCS1
N108DQ,B738
N3731T,B738
N384DA,B738
N951AA,B738
N3747D,A321
N150NN,A320
N362NW,MD90
N931DN,A320
N329NW,A321
N382DN,B712
N989AT,A320
N355NW,B738
N868NN,B738
N929AN,A320
N341NW,B752
N6701,B738
N976NN,B712
N952AT,A319
N334NB,MD90
N910DN,B712
N910AT,B752
N689DL,B738
N910AN,A319
N807AW,""
N985AT,B712
N925AT,B712
N921AT,A321
N567UW,B712
N989DN,B738
N891NN,B712
N966AT,B738
N905NN,B752
N659DL,B738
N933AN,BCS1
N116DU,A319
N744P,A319
N355NB,A320
N657AW,A320
N363NW,A320
N352NW,B712
N953AT,B738
N922NN,B738
N379DA,A319
N742PS,""
N922AT,B712
N946AT,B752
N678DL,B752
N693DL,B752
N939UW,B712
N971AT,MD90
N936DN,A320
N662AW,B752
N6704Z,B738
N943AN,B752
N6715C,A319
N315NB,A319
N755US,B738
N37700,B738
N988NN,B712
N950AT,B712
N995AT,B752
N542US,B738
N939AN,B712
N915AT,A319
N351NB,B738
N920AN,A319
N815AW,B738
N956AN,A319
N774XF,B712
N949AT,B712
N988AT,B738
N3771K,B752
N6716C,B738
N372DA,MD90
N960DN,A319
N801AW,A320
N650AW,B738
N910NN,B738
N3763D,B712
N895AT,B738
N909NN,B738
N964NN,A319
N358NB,B712
N934AT,B738
N925NN,B738
N928AN,A319
N326NB,B712
N961AT,B738
N3743H,A319
N778XF,B752
N316NB,A319
N817AW,B752
N674DL,A321
N156UW,A320
N665AW,A319
N756US,A319
N828AW,B712
N977AT,B712
N892AT,MD90
N924DN,MD90
N912DN,B712
N927AT,B738
N957AN,MD83
N970TW,B738
N916AN,A320
N374NW,B738
N866NN,B738
N925AN,B752
N685DA,A319
N329NB,B712
N926AT,B752
N680DA,B739
N808DN,A319
N369NB,A319
N335NB,B738
N387DA,B738
N317PG,B712
N958AT,B738
N927AN,A321
N553UW,B738
N812NN,A320
N664AW,B738
N935AN,MD90
N908DA,A319
N758US,B752
N699DL,B738
N927NN,MD90
N929DN,A319
N760US,B738
N922AN,B738
N936AN,B712
N981AT,MD90
N926DH,MD90
N962DN,B752
N6706Q,B738
N907NN,MD83
N9616G,A319
N349NB,A320
N338NW,B752
N67171,B752
N687DL,B738
N958AN,B712
N920AT,B712
N982AT,B738
N941AN,B712
N994AT,B738
N945AN,A319
N337NB,B738
N978AN,""
N679DA,A319
N352NB,B738
N959NN,B738
N872NN,B738
N997NN,B738
N909AN,B738
N926AN,MD83
N961TW,B712
N968AT,B738
N3752,B738
N962AN,A320
N680AW,B738
N883NN,A320
N324US,B712
N891AT,B738
N940AN,B712
N899AT,MD83
N9677W,A320
N361NW,B712
N990AT,B752
N688DL,B738
N385DN,A320
N658AW,A319
N324NB,B738
N861NN,B738
N934AN,B752
N6700,B738
N944AN,B738
N393DA,MD90
N920DN,MD90
N934DN,B738
N885NN,A320
N654AW,A321
N979UY,B738
N955AN,B752
N658DL,A319
N745VJ,B712
N923AT,B738
N389DA,A321
N387DN,B752
N204UW,B712
N932AT,A319
N747UW,B738
N917AN,B712
N960AT,B712
N937AT,A320
N337NW,B738
N978NN,B738
N3732J,B712
N906AT,MD83
N979TW,B738
N954AN,B738
N804NN,B752
N900PC,B738
N862NN,A319
N327NB,B712
N935AT,MD83
N984TW,A320
N655AW,A319
N752US,MD83
N9626F,B738
N985NN,B752
N6712B,A319
N748UW,A319
N839AW,B738
N921AN,B712
N938AT,B738
N3736C,B752
N695DL,B738
N3733Z,A319
N822AW,A319
N753US,B752
N696DL,BCS1
N112DU,A320
N344NW,B738
N903NN,A319
N831AW,B752
N557NW,B712
N965AT,A320
N651AW,A320
N663AW,MD90
N963DN,A320
N660AW,B738
N923AN,A319
N821AW,B738
N966NN,""
N698DL,B752
N550NW,B752
N836AW,A319
N683DA,B752
N763US,A319
N881NN,B738
N901NN,B738
N972AT,B712
N188US,A321
N866DN,B739
N937NN,B738
N984NN,B738
N967AT,B712
N803AW,""
N942AN,B738
N157UW,A321
N9681B,MD83
N301NB,A319
N930DN,MD90
N929AT,B712
N757UW,A319
N667DN,B752
N377DA,B738
N6710E,B752
N825AW,A319
N948AN,B738
N905AN,B738
N336NW,A320
N9621A,MD83
N118DU,BCS1
N974AT,""
N647AW,A320
N960AN,B738
N9615W,MD83
N690DL,B752
N848NN,B738
N930AN,B738
N992DL,MD88
N971TW,MD83
N833AW,A319
N386DA,B738
N974DL,MD88
N924AN,B738
N924AT,B712
N6705Y,B752
N968TW,MD83
N555NW,B752
N608AT,B712
N397DA,B738
N376DA,B738
N945NN,B738
N954AT,B712
N318NB,A319
N837AW,A319
N819AW,A319
N603AT,""
N974AN,B738
N992AT,B712
N808AW,A319
N983TW,MD83
N973AN,B738
N9628W,MD83
N754UW,A319
N958DL,MD88
N6709,B752
N6708D,B752
N340NB,A319
N976DL,MD88
N980TW,MD83
N346NB,A319
N3739P,B738
N955AT,B712
N769US,A319
N833NN,B738
N917DL,MD88
N801DZ,B739
N950DN,MD90
N552NW,B752
N824NN,B738
N902DE,MD88
N832AW,A319
N987DN,B712
N915AN,B738
N768US,A319
N660DL,B752
N668AW,A320
N865NN,B738
N847NN,B738
N913DL,MD88
N673AW,A320
N930AT,B712
N810AW,A319
N804AW,A319
N951NN,B738
N362NB,A319
N987DL,MD88
N986DL,MD88
N978DL,MD88
N963AN,B738
N959DL,MD88
N979AT,B712
N908DE,MD88
N181UW,A321
N749US,A319
N339NB,A319
N910DE,A319
N962DL,MD88
N972AN,B738
N806AW,A319
N950AN,B738
N911DE,MD88
N830AW,A319
N357NW,A320
N551NW,B752
N936NN,B738
N652AW,A320
N694DL,B752
N349NW,A320
N928DN,MD90
N803NN,B738
N392DA,B738
N936AT,B712
N840AW,A319
N906DA,MD90
N983AT,B712
N9617R,MD83
N914DN,MD90
N952AA,B738
N802DN,B739
N963DL,MD88
N906DE,MD88
N160AN,A321
N345NB,A319
N989DL,MD88
N601AW,A320
N997DL,MD88
N667AW,A320
N820NN,B738
N969TW,MD83
N908AN,B738
N9620D,MD83
N119DU,BCS1
N999DN,MD80
N822NN,B738
N994DL,MD88
N659AW,A320
N907AN,B738
N809NN,B738
N953DL,MD88
N824AW,A319
N957AT,B712
N912DL,MD88
N964TW,MD83
N998DL,MD88
N817NN,B738
N830NN,B738
N995DL,MD88
N375NC,A320
N901DE,MD88
N832NN,B738
N957DL,MD88
N653AW,A320
N850NN,B738
N904AN,B738
N920DE,MD88
N943AT,B712
N834AW,A319
N991DL,MD80
N907DE,MD88
N992AN,B738
N981AN,B738
N918DE,MD88
N991AN,B738
N975DL,MD88
N988DL,MD88
N904DE,""
N912DE,MD88
N732US,A319
N552UW,A321
N851NN,B738
N855NN,B738
N829AW,A319
N9619V,MD83
N554NW,B752
N953UW,E190
N826AW,A319
N192AN,B752
N906DL,MD88
N979AN,B738
N905DL,MD88
N900DE,MD88
N972DL,MD88
N963TW,MD83
N114UW,A320
N978AT,B712
N916DL,MD88
N922DL,MD88
N905DE,MD88
N800NN,B738
N960DL,MD80
N9618A,MD83
N979DL,MD88
N982TW,MD83
N966DL,MD88
N103US,A320
N859NN,B738
N334NW,A320
N947UW,E190
N348NW,A320
N931AN,B738
N9630A,""
N838NN,B738
N965AN,B738
N991AT,B712
N943NN,B738
N908DL,MD88
N715UW,A319
N119US,A320
N916DE,MD88
N965DL,MD88
N956DL,MD88
N837NN,B738
N989AN,B738
N971DL,MD88
N711UW,A319
N948AT,B712
N390DN,A321
N987AN,B738
N772XF,A319
N122US,A320
N128UW,A320
N9629H,MD83
N910DL,MD88
N102UW,A320
N6714Q,B752
N990DL,MD88
N194AA,B752
N993DL,MD88
N717UW,A319
N952UW,E190
N969DL,MD88
N815NN,B738
N716UW,A319
N867NN,B738
N193AN,B752
N953AN,B738
N996DL,MD88
N807NN,B738
N933NN,B738
N740UW,A319
N955UW,E190
N915DE,MD88
N973DL,MD88
N187AN,B752
N967DL,MD88
N901AN,B738
N980AN,B738
N959UW,E190
N819NN,B738
N741UW,A319
N124US,A320
N863NN,B738
N332NW,A320
N501AA,MD82
N556NW,B752
N964DL,MD88
N965TW,MD83
N854NN,B738
N831NN,B738
N816NN,B738
N961DL,MD88
N801NN,B738
N984DL,MD88
N961UW,E190
N118US,A320
N965UW,E190
N927DN,MD90
N818NN,B738
N957UW,E190
N966TW,MD83
N656AW,A320
N909DE,MD88
N723UW,A319
N692DL,B752
N967UW,E190
N107US,A320
N843NN,B738
N844NN,B738
N853NN,B738
N858NN,B738
N661AW,A320
N805NN,B738
N944UW,E190
N945UW,E190
N827AW,A319
N3756,B738
N112US,A320
N918DH,MD90
N814NN,B738
N841NN,B738
N117UW,A320
N849NN,B738
N669DN,B752
N108UW,A320
N810NN,B738
N702UW,A319
N949UW,E190
N703UW,A319
N931NN,B738
N839NN,B738
N946UW,E190
N907DL,MD88
N837MH,B764
N852NN,B738
N845NN,B738
N127UW,A320
N827NN,B738
N990AN,B738
N173AN,B752
N104UW,A320
N970DL,MD88
N811NN,B738
N123UW,A320
N826NN,B738
N846NN,B738
N802NN,B738
N709UW,A319
N823NN,B738
N958UW,E190
N968DL,MD88
N392DN,A321
N712US,A319
N713UW,A319
N192UW,A321
N343NB,A319
N842MH,B763
N665DN,B752
N948UW,E190
N935NN,B738
N825NN,B738
N951UW,E190
N770UW,A319
N903DE,MD88
N737US,A319
N3773D,B738
N955DL,MD88
N190AA,B752
N954UW,E190
N864NN,B738
N733UW,A319
N344NB,A319
N840NN,B738
N963UW,E190
N902AN,B738
N835NN,B738
N956UW,E190
N309DE,B737
N302DQ,B737
N691AA,B752
N829MH,B764
N834NN,B738
N738US,A319
N725UW,A319
N971AN,B738
N394DA,B738
N821NN,B738
N724UW,A319
N110UW,A320
N126UW,A320
N305DQ,B737
N306DQ,B737
N829NN,B738
N304DQ,B737
N341NB,A320
N121UW,A320
N700UW,A319
N838MH,B764
N705UW,A319
N307DQ,B737
N950UW,E190
N947DN,MD90
N949DL,""
N163US,""
N856NN,B738
N125UW,A320
N911DL,MD88
N813NN,B738
N721UW,A319
N186AN,B752
N198AA,B752
N183AN,B752
N303DQ,B737
N177AN,B752
N839MH,B764
N109UW,A320
N710UW,A319
N835MH,B764
N714US,A319
N310DE,B737
N836NN,B738
N722US,A319
N301DQ,B737
N947AT,B712
N843MH,B764
N806NN,B738
N189AN,B752
N196AA,B752
N184AN,B752
N970AN,B738
N982AN,B738
N932NN,B738
N860NN,B738
N188AN,B752
N172AJ,B752
N983AN,B738
N406AN,A21N
N844MH,B764
N934NN,B738
N3757D,B738
N966AN,B738
N701UW,A319
N175AN,B752
N308DE,B737
N191AN,B752
N772AN,B772
N825MH,B764
N904DL,MD88
N3760C,B738
N185AN,B752
N9026C,A319
N120DU,BCS1
N730US,A319
N836MH,B764
N9023N,A319
N8001N,A319
N376NW,A320
N760AN,B772
N3759,B738
N820DX,B752
N968AN,B738
N105UW,A320
N827MH,B764
N766US,A319
N93003,A319
N765US,A319
N90024,A319
N3758Y,B738
N752AN,B772
N111US,A320
N180US,A321
N808NN,B738
N819DX,B752
N8031M,A319
N103NN,A321
N840MH,B764
N834MH,B764
N831MH,B764
N773XF,A319
N822DX,B752
N845MH,B764
N102NN,A321
N758AN,B772
N9012,A319
N9013A,A319
N195AN,B752
N841MH,B764
N385AM,B763
N70020,A319
N781AN,B772
N833MH,B764
N9022G,A319
N981DL,MD88
N821DX,B752
N789AN,B772
N4032T,A319
N823DX,B752
N9016,A319
N391AA,B763
N9002U,A319
N9019F,A319
N12028,A319
N326US,A320
N9004F,A319
N8030F,A319
N393DN,A321
N397AN,B763
N393AN,B763
N969AN,B738
N704US,A319
N9018E,A319
N9021H,A319
N796AN,B772
N9010R,A319
N944AT,B712
N8027D,A319
N9011P,A319
N197AN,B752
N9029F,A319
N773AN,B772
N767AJ,B772
N945AT,B712
N4005X,A319
N384AA,B763
N9015D,A319
N6711M,B752
N771AN,B772
N399AN,B763
N830MH,B764
N754AN,B772
N799AN,B772
N828MH,B764
N967AN,B738
N785AN,B772
N708UW,A319
N915DL,MD88
N9006,A319
N312US,A320
N9025B,A319
N350AN,""
N194DN,B763
N832MH,B764
N394AN,B763
N390AA,B763
N794AN,B772
N3014R,A319
N753AN,B772
N787AL,B772
N704DK,B77L
N176AA,B752
N9017P,A319
N344AN,B763
N784AN,B772
N342NB,A319
N343AN,B763
N692AA,B752
N770AN,B772
N395AN,B763
N776AN,B772
N348AN,B763
N8009T,A319
N396AN,B763
N342AN,B763
N175DN,B763
N705DN,B77L
N779AN,B772
N5007E,A319
N392AN,B763
N757AN,B772
N755AN,B772
N349AN,B763
N766AN,B772
N775AN,B772
N706DN,B77L
N707DN,B77L
N767UW,A319
N782AN,B772
N183UW,A321
N768AA,B772
N199DN,B763
N786AN,B772
N121DU,BCS1
N791AN,B772
N985DL,MD88
N346AN,B763
N783AN,B772
N826MH,B764
N802AN,B788
N798AN,B772
N171DN,B763
N182DN,""
N750AN,B772
N807AA,B788
N1200K,B763
N734AR,B773
N811AB,B788
N169DZ,B763
N172DN,B763
N780AN,B772
N188DN,B763
N826NW,A333
N171DZ,B763
N388AA,B763
N154DL,B763
N765AN,B772
N195DN,B763
N818AL,B788
N196DN,B763
N197DN,B763
N756AM,B772
N762US,A319
N806AA,B788
N177DN,B763
N728AN,B77W
N828NW,A333
N156DL,B763
N177DZ,B763
N347AN,B763
N199AN,""
N185DN,B763
N823NW,A333
N186DN,B763
N178DN,B763
N9008U,A319
N192DN,B763
N176DZ,B763
N793AN,B772
N398AN,B763
N1603,B763
N184DN,B763
N829NW,A333
N790AN,B772
N824NW,A333
N181DN,B763
N831NW,A333
N822NW,A333
N289AY,A332
N777AN,B772
N178DZ,B763
N172DZ,B763
N792AN,B772
N751AN,B772
N717AN,B77W
N189DN,B763
N174DZ,B763
N191DN,B763
N815AA,B788
N827NW,A333
N1605,B763
N797AN,B772
N174DN,B763
N198DN,B763
N805AN,B788
N800AN,B788
N281AY,A332
N179DN,B763
N176DN,B763
N830NW,A333
N761AJ,B772
N821AN,B789
N173DZ,B763
N284AY,A332
N190DN,B763
N16065,B763
N152DL,B763
N291AY,A332
N394DL,B763
N814AA,B788
N1201P,B763
N825NW,A333
N183DN,B763
N283AY,A332
N835AN,B789
N774AN,B772
N731AN,B77W
N913DE,""
N730AN,B77W
N193DN,B763
N287AY,A332
N830AN,B789
N809AA,B788
N759AN,B772
N733AR,B77W
N280AY,A332
N286AY,A332
N1609,B763
N813AN,B788
N819AN,B788
N801AC,B788
N816AA,B788
N288AY,A332
N732AN,B77W
N820AL,B789
N187DN,B763
N831AA,B789
N726AN,B77W
N293AY,A332
N824AN,B789
N828AA,B789
N808AN,B788
N795AN,B772
N812AA,B788
N810AN,B788
N836AA,B789
N1612T,B763
N778AN,B772
N292AY,A332
N834AA,B789
N290AY,A332
N825AA,B789
N804AN,B788
N762AN,B772
N827AN,B789
N182UW,A321
N1610D,B763
N1613B,B763
N832AA,B789
N721AN,B773
N1602,B763
N837AN,B789
N829AN,B789
N839AA,B789
N282AY,A332
N718AN,B77W
N719AN,B773
N155DL,B763
N838AA,B789
N1604R,B763
N841AN,B789
N175DZ,B763
N279AY,A332
N817AN,B788
N826AN,B789
N724AN,B77W
N1607B,B763
N725AN,""
N833AA,B789
N276AY,A333
N788AN,B772
N823AN,B789
N180DN,B763
N277AY,A333
N278AY,A333
N1611B,B763
N273AY,A333
N272AY,A333
N270AY,A333
N727AN,B77W
N735AT,B77W
N720AN,B773
N729AN,B77W
N803AL,B788
N736AT,B77W
N1608,B763
N177XF,A319
N822AN,B789
N701DN,B77L
N806NW,A333
N863DA,B772
N708DN,B77L
N808NW,A333
N710DN,B77L
